,RootMc1,OoPDefl1,IPDefl1,TwstDefl1,RootMxb1,RootMyb1,RootMyc1,RootMzc1,TTDspFA,TTDspSS,TTDspTwst,TwrBsMxt,TwrBsMyt,TwrBsMzt,RotThrust,YawBrMxp,YawBrMyp,YawBrMzp
case_701_extreme_k_cases_turbsim_outdata_701.mat,0.002637271729269694,0.002637271729269694,33.80138272121599,16.208511647720538,1849.4891948892198,132369.30506559723,168860.778341176,183645.08318422997,0.47808033474252387,1.1980136945172184,0.40835819542538865,237030.47845463973,198983.97382000583,616227.4750393116,934.3083878645496,225788.50781844943,34320.51186452852,236871.29262896426
case_118_extreme_k_cases_turbsim_outdata_118.mat,0.002637271729269694,0.002637271729269694,33.90356996772749,16.05238777295957,1852.56070012044,138808.9559740484,172537.17489014007,184074.42444056502,0.3454396469256014,1.1697778580357443,0.42670879113248167,233013.78325984534,216021.28046652206,590597.9090264061,933.533106820728,223280.2749151197,33814.94621805971,235958.1454792608
case_1067_extreme_k_cases_turbsim_outdata_1067.mat,0.002637271729269694,0.002637271729269694,32.22120677819327,18.537847350402394,1899.903200253832,146595.80482346355,182955.67193047708,199438.0544640463,0.3397722221818516,1.2812937451718927,0.5547566584601756,239603.09041331193,269308.7876685917,667298.3255634082,9308.146936235325,231478.26745369335,34260.63078149037,242932.35909221985
case_245_extreme_k_cases_turbsim_outdata_245.mat,0.002637271729269694,0.002637271729269694,42.966580032009205,20.59767262857102,2202.8339560127197,203885.47069040185,198123.2920636108,229890.5931482563,0.28943789106259804,2.4901103415042334,1.7196058512282675,312263.71638225927,837478.9933941654,1296931.7949155823,925.1838589754376,247914.61053371266,34808.520773280805,209306.77270563637
case_933_extreme_k_cases_turbsim_outdata_933.mat,0.002637271729269694,0.002637271729269694,23.252241078250705,12.777187256929343,1984.5608916992132,133978.9247888178,136001.18563355194,106957.36686411827,0.23325081418339075,1.0833245199666535,0.27460339183613014,23223.02413230021,127973.09769907684,484602.36420093075,867.2708864565545,37040.35151851588,11802.184848085497,42560.38358543597
