,RootMc1,OoPDefl1,IPDefl1,TwstDefl1,RootMxb1,RootMyb1,RootMyc1,RootMzc1,TTDspFA,TTDspSS,TTDspTwst,TwrBsMxt,TwrBsMyt,TwrBsMzt,RotThrust,YawBrMxp,YawBrMyp,YawBrMzp
AD_SOAR_c7_V2f_c73_Clean_4_noipc_turbsim_outdata_4.mat,0.002637271729269694,0.002637271729269694,23.566179851178454,13.187830800346061,1841.2739190733134,135249.3643793736,141513.69590286585,95387.49708196288,0.23891438794176786,0.9888908965972509,0.18327007946769983,12818.829317360425,84626.21598402009,451070.2091153871,9195.685589606308,55905.671705440014,2467.9042756028434,26540.47779240292
AD_SOAR_c7_V2f_c73_Clean_1_noipc_turbsim_outdata_1.mat,0.002637271729269694,0.002637271729269694,23.566179851178454,13.187830800346061,1841.2739190733134,135249.3643793736,141513.69590286585,95387.49708196288,0.23891438794176786,0.9888908965972509,0.18327007946769983,12818.829317360425,84626.21598402009,451070.2091153871,9195.685589606308,55905.671705440014,2467.9042756028434,26540.47779240292
AD_SOAR_c7_V2f_c73_Clean_5_noipc_turbsim_outdata_5.mat,0.002637271729269694,0.002637271729269694,23.566179851178454,13.187830800346061,1841.2739190733134,135249.3643793736,141513.69590286585,95387.49708196288,0.23891438794176786,0.9888908965972509,0.18327007946769983,12818.829317360425,84626.21598402009,451070.2091153871,9195.685589606308,55905.671705440014,2467.9042756028434,26540.47779240292
case_1_extreme_k_cases_turbsim_outdata.mat,3107.566941864934,5.587206404873596,45.01113391292969,20.18075667408174,2488.338663641544,193465.22297571087,188114.6383004263,251954.84603191435,0.4648955735158588,2.5729471919143876,1.7026933100554882,321408.9389475358,823879.2801186392,1345897.6891750803,11489.617937134677,258842.04362575253,38757.15174640615,225818.56082219305
AD_SOAR_c7_V2f_c73_Clean_3_noipc_turbsim_outdata_3.mat,0.002637271729269694,0.002637271729269694,23.566179851178454,13.187830800346061,1841.2739190733134,135249.3643793736,141513.69590286585,95387.49708196288,0.23891438794176786,0.9888908965972509,0.18327007946769983,12818.829317360425,84626.21598402009,451070.2091153871,9195.685589606308,55905.671705440014,2467.9042756028434,26540.47779240292
