,IPDefl1,OoPDefl1,RootMc1,RootMxb1,RootMyb1,RootMyc1,RootMzc1,RotThrust,TTDspFA,TTDspSS,TTDspTwst,TwrBsMxt,TwrBsMyt,TwrBsMzt,TwstDefl1,YawBrMxp,YawBrMyp,YawBrMzp
case_1_extreme_k_cases_turbsim_outdata.mat,45.01113391292969,5.587206404873596,3107.566941864934,2488.338663641544,193465.22297571087,188114.6383004263,251954.84603191435,11489.617937134677,0.4648955735158588,2.5729471919143876,1.7026933100554882,321408.9389475358,823879.2801186392,1345897.6891750803,20.18075667408174,258842.04362575253,38757.15174640615,225818.56082219305
